{
  "publicPath": "/dist/",
  "all": [
    "1.00586b8b406991439a24.js",
    "1.00586b8b406991439a24.js.map",
    "2.48e07e4857508fbb8c91.js",
    "2.48e07e4857508fbb8c91.js.map",
    "app.72649ae976e53e45df93.js",
    "app.72649ae976e53e45df93.js.map"
  ],
  "initial": [
    "app.72649ae976e53e45df93.js"
  ],
  "async": [
    "1.00586b8b406991439a24.js",
    "2.48e07e4857508fbb8c91.js"
  ],
  "modules": {
    "415790f4": [
      4,
      5
    ],
    "66477b5f": [
      4,
      5
    ],
    "465a6e1f": [
      4,
      5
    ],
    "c69d00ea": [
      4,
      5
    ],
    "1d1f6d3f": [
      4,
      5
    ],
    "50b905c6": [
      4,
      5
    ],
    "c4647002": [
      4,
      5
    ],
    "05c95ae4": [
      2,
      3
    ],
    "9bd58dce": [
      0,
      1
    ]
  }
}